,Fold - 1,Fold - 2,Fold - 3,Fold - 4,Fold - 5,Fold - 6,Fold - 7,Fold - 8,AVG
SC_test,0.9285714285714286,0.875,0.9107142857142857,0.8482142857142857,0.9017857142857143,0.9285714285714286,0.9107142857142857,0.875,0.8973214285714286
SC_train,0.9911054637865311,0.9911054637865311,0.9898348157560356,0.98856416772554,0.9923761118170267,0.9898348157560356,0.98856416772554,0.9949174078780177,0.9907878017789072
HW_test,0.875,0.9017857142857143,0.8928571428571429,0.8839285714285714,0.8839285714285714,0.8839285714285714,0.9107142857142857,0.9196428571428571,0.8939732142857143
HW_train,0.97712833545108,0.97712833545108,0.9783989834815756,0.9809402795425667,0.97712833545108,0.9809402795425667,0.9809402795425667,0.9758576874205845,0.9785578144853875
SW_test,0.9375,0.8839285714285714,0.9464285714285714,0.9107142857142857,0.9107142857142857,0.9017857142857143,0.9017857142857143,0.9196428571428571,0.9140625
SW_train,0.9872935196950444,0.9872935196950444,0.98856416772554,0.9872935196950444,0.9872935196950444,0.9923761118170267,0.9860228716645489,0.98856416772554,0.9880876747141041
