,Fold - 1,Fold - 2,Fold - 3,Fold - 4,Fold - 5,Fold - 6,Fold - 7,Fold - 8,AVG
SC_test,0.8709677419354839,0.8467741935483871,0.8387096774193549,0.9193548387096774,0.9516129032258065,0.8709677419354839,0.8870967741935484,0.8951612903225806,0.8850806451612903
SC_train,0.9839449541284404,0.9827981651376146,0.9839449541284404,0.9805045871559633,0.9827981651376146,0.9827981651376146,0.9827981651376146,0.9839449541284404,0.9829415137614679
HW_test,0.8709677419354839,0.8709677419354839,0.8548387096774194,0.8548387096774194,0.8306451612903226,0.8870967741935484,0.9032258064516129,0.8387096774193549,0.8639112903225807
HW_train,0.9736238532110092,0.9713302752293578,0.9701834862385321,0.9759174311926605,0.9655963302752294,0.9701834862385321,0.9713302752293578,0.9736238532110092,0.971473623853211
SW_test,0.9032258064516129,0.8951612903225806,0.9193548387096774,0.8790322580645161,0.9193548387096774,0.8709677419354839,0.9354838709677419,0.9032258064516129,0.9032258064516129
SW_train,0.9805045871559633,0.9850917431192661,0.9805045871559633,0.981651376146789,0.9782110091743119,0.9770642201834863,0.9827981651376146,0.9805045871559633,0.9807912844036697
